{"accuracy": [0.19720000000000004, 0.27791999999999994, 0.34106000000000003, 0.36924, 0.42010000000000003, 0.48024, 0.48873999999999995, 0.52356, 0.55864, 0.58426, 0.6010599999999999, 0.62178, 0.6311599999999999, 0.6046, 0.63312, 0.6585799999999999, 0.6679999999999999, 0.6936599999999999, 0.71904, 0.72436, 0.73672, 0.722, 0.74654, 0.74158, 0.76658, 0.7558, 0.7501800000000001, 0.75986, 0.77744, 0.77286, 0.76904, 0.7859, 0.78406, 0.80062, 0.7715799999999999, 0.79644, 0.79634, 0.8061, 0.7987, 0.75698, 0.80616, 0.81558, 0.81458, 0.82492, 0.83306, 0.82132, 0.82666, 0.82282, 0.8314, 0.82778, 0.83788, 0.82704, 0.83514, 0.84304, 0.8435, 0.8491, 0.8472, 0.8394, 0.84552, 0.84648, 0.84802, 0.84042, 0.85152, 0.8459, 0.85298, 0.84392, 0.85912, 0.8597, 0.86022, 0.8478600000000001, 0.8598600000000001, 0.85294, 0.8579, 0.86502, 0.8661, 0.86246, 0.873, 0.8232200000000001, 0.8449599999999999, 0.86992, 0.86866, 0.8728400000000001, 0.88304, 0.87154, 0.87368, 0.8641, 0.8778, 0.87762, 0.87566, 0.86598, 0.87526, 0.8531, 0.8408599999999999, 0.86212, 0.86578, 0.86622, 0.86734, 0.879, 0.86912, 0.87956, 0.90778, 0.92128, 0.92988, 0.93276, 0.92628, 0.9289000000000001, 0.93482, 0.93696, 0.9231199999999999, 0.9323, 0.9427, 0.93624, 0.93914, 0.94084, 0.95122, 0.95724, 0.961, 0.96316, 0.96354, 0.96518, 0.96674, 0.96848, 0.96948, 0.97032, 0.9697, 0.9705, 0.9711, 0.9716], "loss": [2.244989017601013, 2.0089522689819335, 1.851968048248291, 1.7736641610336303, 1.635569373512268, 1.4869824040985107, 1.480674717979431, 1.3844790030670167, 1.3048512934112548, 1.2308744419097901, 1.1890724471282959, 1.1408620116043091, 1.124628251838684, 1.2069426461029054, 1.1293387169265747, 1.0620411511611938, 1.047780092163086, 0.9680922165298462, 0.8934014491081238, 0.8846115589904785, 0.8399871158027649, 0.8978131640243531, 0.8231353007888794, 0.8396182283782959, 0.7625754626083374, 0.7965411897277832, 0.8223298266983032, 0.7859607030105591, 0.7268619062137603, 0.744167972278595, 0.7630297537612915, 0.6998418490219116, 0.7051590269470215, 0.6621217834854126, 0.75315236951828, 0.6711215102481842, 0.6790797649002075, 0.6467506936073303, 0.6735994997787476, 0.8050099505805969, 0.6473436847114563, 0.6192279034423828, 0.6160747192192078, 0.5846920287704468, 0.5626232932281494, 0.600999255809784, 0.581684077129364, 0.6024076968765258, 0.5696860179710388, 0.5829903051757812, 0.5461992057609558, 0.5773097566986084, 0.5548517014694214, 0.5269274357414245, 0.534330018005371, 0.5109185737991333, 0.5170043381118774, 0.5477765409469605, 0.5283793767166137, 0.518864994392395, 0.5094486478805542, 0.5398787551307678, 0.5021544791030884, 0.5144434254074096, 0.4942067601585388, 0.5340963230895996, 0.475877330532074, 0.4750090756702423, 0.4732715831375122, 0.5246858916378021, 0.47824925384521483, 0.5016571336364746, 0.483071772403717, 0.46671071674346926, 0.4573563862800598, 0.4657065987300873, 0.4313057746887207, 0.5993882634353638, 0.5289949341773987, 0.44467234867095945, 0.4404756957626343, 0.4372944546127319, 0.4072821534156799, 0.43419091144561767, 0.4326418479537964, 0.46293020124435424, 0.41554327407836916, 0.4196235971450806, 0.4281427675437927, 0.4558056834602356, 0.4277738173294067, 0.49889261573791505, 0.5339135875034332, 0.4662147712135315, 0.4533846470451355, 0.4528443357658386, 0.45351849868774413, 0.41021277983665466, 0.4419342584991455, 0.41771573301315307, 0.3129280731391907, 0.2645024375343323, 0.24055144429206848, 0.22965683273792267, 0.2529157904624939, 0.2457324020576477, 0.2188964490032196, 0.21593350301265715, 0.2594012206888199, 0.23086491942882537, 0.19793881999969481, 0.21839831636428833, 0.20803056854724883, 0.19994406562805175, 0.1717481754231453, 0.14934591213226317, 0.13510017144680023, 0.12894135922431946, 0.12542140493631362, 0.12220594679355622, 0.11652858883857727, 0.11202937582492828, 0.10815797774314881, 0.10518330572605133, 0.10749183494567871, 0.10326491976737977, 0.10259341778993607, 0.09956739246606827], "val_accuracy": [0.26990000000000003, 0.18889999999999996, 0.27470000000000006, 0.39990000000000003, 0.4244, 0.46499999999999997, 0.5314, 0.3778, 0.36650000000000005, 0.5074000000000001, 0.5122, 0.2982, 0.5473, 0.6890000000000001, 0.38380000000000003, 0.6137, 0.6857, 0.5036, 0.6806, 0.6836, 0.6052, 0.4535, 0.6371, 0.5616, 0.725, 0.7316, 0.7232000000000001, 0.7259, 0.48829999999999996, 0.7785, 0.48760000000000003, 0.49139999999999995, 0.5670999999999999, 0.5302, 0.6653, 0.41690000000000005, 0.7308, 0.6895, 0.7585999999999999, 0.7515000000000001, 0.8014, 0.6763, 0.798, 0.6786, 0.6293, 0.6113999999999999, 0.7879, 0.6799999999999999, 0.6916, 0.8109, 0.738, 0.7883, 0.6973, 0.7721, 0.7099, 0.7736000000000001, 0.7165, 0.8207, 0.7933, 0.8125, 0.7952, 0.775, 0.7251000000000001, 0.7945, 0.7579, 0.6521, 0.5012, 0.7821, 0.7702, 0.8128, 0.7407, 0.7815, 0.813, 0.8148, 0.7664, 0.7693, 0.6912, 0.7172000000000001, 0.7202, 0.8379, 0.7971, 0.789, 0.6825, 0.7998000000000001, 0.8018000000000001, 0.8412, 0.7767, 0.8263, 0.7936, 0.831, 0.7005, 0.8168, 0.6977, 0.8291999999999999, 0.8156, 0.7844, 0.8195, 0.7674, 0.8466, 0.8217, 0.8495, 0.8749, 0.8383, 0.8154, 0.8587, 0.8732, 0.8546, 0.8749, 0.8098, 0.8279, 0.7679, 0.8561, 0.8613, 0.873, 0.8427, 0.8855999999999999, 0.8467, 0.8477, 0.8775, 0.8858, 0.8808, 0.8843, 0.8885, 0.8704000000000001, 0.8906000000000001, 0.8598, 0.8924, 0.8543000000000001], "val_loss": [1.9129708225250244, 2.072991318130493, 2.0222498664855957, 1.7783537971496581, 1.769350071334839, 1.607622721862793, 1.711097484588623, 1.741567873764038, 1.888638022994995, 1.4953720550537108, 1.6346215940475464, 1.8774062255859374, 1.7141584720611571, 1.459235584640503, 1.8280427040100098, 1.4320408033370973, 1.4410304903030395, 1.8459921894073485, 1.5338280223846437, 1.376516184425354, 1.6274635610580444, 1.8394157020568849, 1.7199243659973145, 1.6859732898712159, 1.2777888746261596, 1.1190549598693849, 1.2335291610717773, 1.2129488300323485, 1.9492389980316163, 1.165773487663269, 1.7184946868896485, 1.7078584337234497, 1.648779044342041, 1.8525577646255493, 1.6184371002197266, 1.8758044200897217, 1.1781035495758057, 1.2918287452697754, 1.2191505994796752, 1.2021600051879884, 0.9617820858955384, 1.4467748189926148, 1.1096195569992064, 1.2326714641571046, 1.489569140625, 1.465998807144165, 1.0069760316848755, 1.2160328744888305, 1.6818584897994995, 1.171267737388611, 1.4783402143478395, 1.077017809009552, 1.4959873792648315, 1.168158943939209, 1.5103392879486084, 1.1818699222564697, 1.6604225954055787, 1.094427384185791, 1.4327057415008544, 1.042888556098938, 1.3349093423843383, 1.1839552335739136, 1.4976036380767823, 1.3018904340744017, 1.5362533948898316, 1.8118802146911621, 1.6558790069580078, 1.590734564781189, 1.3312243358612061, 1.027687159538269, 1.6759221279144287, 1.298896722984314, 1.050484476852417, 1.404078611946106, 1.3148102542877198, 0.9082829732894897, 1.6377740982055664, 1.4908899299621583, 1.3303875421524047, 0.8585880558013916, 0.8973182262420655, 1.2693421892166137, 1.6209681463241576, 1.1826534576416015, 1.0256954248428345, 1.2745456016540528, 1.0810068235397339, 0.9501177185058594, 1.040156764793396, 0.9689730686187744, 1.52337512550354, 0.9930879795074463, 1.4398451761245727, 1.2268696792602538, 1.0695155809402466, 1.4173520702362061, 1.3155076858520507, 1.0701226419448853, 0.7688144309997559, 0.9685054454803467, 1.0931733194351196, 0.6853227905273438, 1.082482740020752, 1.3116927478790283, 0.7641931513786316, 0.9811251779556275, 1.2650469676971436, 0.854994723033905, 1.2198815225601196, 0.8269523937225342, 1.465663419151306, 1.0091516479492189, 0.7964139206886292, 0.6776328890800476, 1.1327531402587891, 0.6734207077980041, 0.9869673002243042, 1.163928522491455, 0.7895630784988403, 0.5765309589385986, 0.858059111881256, 0.5477418424606323, 0.5414527653694153, 1.0432195985794068, 0.5585105746269227, 1.1176213315963746, 0.8052095743179322, 1.082835862350464]}