{"accuracy": [0.17796, 0.23673999999999995, 0.3297, 0.38405999999999996, 0.45492, 0.5285599999999999, 0.5992999999999999, 0.64866, 0.69048, 0.71092, 0.72952, 0.74292, 0.75482, 0.7619199999999999, 0.77184, 0.77472, 0.7823, 0.7893600000000001, 0.7943, 0.79438, 0.79834, 0.80494, 0.80462, 0.8029, 0.8082, 0.8144, 0.81176, 0.81822, 0.81326, 0.81514, 0.82134, 0.82176, 0.8244199999999999, 0.82162, 0.82196, 0.88314, 0.9064, 0.91642, 0.9232, 0.93058, 0.93202, 0.9410000000000001, 0.9433, 0.94592, 0.94908, 0.95314, 0.95498, 0.95856, 0.95798, 0.95844, 0.96952, 0.97394, 0.97674, 0.97742, 0.97838, 0.9811, 0.98114, 0.98328, 0.98352, 0.98416, 0.98416, 0.98526], "loss": [2.5870224421691894, 2.036106950073242, 1.8024277463531495, 1.6885732146835326, 1.5348809789657594, 1.3637040730667114, 1.1885138645935058, 1.072128902130127, 0.9611933698654175, 0.8942546580696106, 0.8548981023788452, 0.8071625854110718, 0.7723380426979065, 0.7539728870010376, 0.7179238785552978, 0.7151109961605072, 0.6947449352264404, 0.6735447874641418, 0.6564439239692688, 0.6523128998565674, 0.6488776445007324, 0.6205331009674072, 0.625570948600769, 0.6295390529823304, 0.6088629010772705, 0.5852038982391358, 0.5988505057525635, 0.5782351098823547, 0.5891683039283753, 0.5826323212051392, 0.5671814540290833, 0.5631535539245606, 0.5559542621707916, 0.5635593086624145, 0.5686263908958435, 0.3598928643321991, 0.2842580033969879, 0.2557015311431885, 0.23257679732322692, 0.21465006084918975, 0.20416244897842406, 0.18383493670463563, 0.17497413858413696, 0.16516479983329774, 0.1548828089618683, 0.1454807560110092, 0.13738274927854538, 0.1297603403043747, 0.12999918850064276, 0.12622785886764526, 0.0961807690000534, 0.08261680696964264, 0.07460696120023727, 0.06985843290448189, 0.06647817382335663, 0.060896660784482956, 0.0604960941362381, 0.053838258023262024, 0.05451638981819153, 0.05263290664434433, 0.05074322912693024, 0.04867694174155593], "val_accuracy": [0.21309999999999996, 0.26649999999999996, 0.34099999999999997, 0.30710000000000004, 0.4226, 0.5252, 0.5144, 0.5425, 0.6719999999999999, 0.6283000000000001, 0.7242, 0.7054, 0.718, 0.747, 0.7062999999999999, 0.728, 0.6854, 0.7292000000000001, 0.7612, 0.7363, 0.7824, 0.788, 0.7953, 0.7646999999999999, 0.7761, 0.7807999999999999, 0.7811, 0.7374, 0.7925, 0.8140000000000001, 0.7975, 0.7829, 0.7875, 0.7782, 0.7842, 0.8734, 0.8776, 0.8799, 0.8854, 0.8834, 0.8813, 0.8882, 0.8842, 0.8877, 0.8864, 0.8853, 0.8817, 0.8838, 0.884, 0.8884, 0.8931, 0.8956, 0.8954, 0.896, 0.8969, 0.8941, 0.8953, 0.8962, 0.893, 0.8931, 0.8969, 0.8976], "val_loss": [2.072316279220581, 1.943338907623291, 1.7869772882461548, 1.8372355955123902, 1.608381754875183, 1.374394080734253, 1.657091883468628, 1.4071682680130004, 1.1261850288391113, 1.3070637657165527, 0.9132043309211731, 1.0362352090835572, 1.0112047546386718, 0.8383198301315308, 1.1820165616989136, 1.1298084178924561, 1.2001453851699828, 0.9490733043670654, 0.8187053419113159, 0.8249086258888244, 0.7616848289012909, 0.7820128321647644, 0.6895518060684204, 0.7375478782653808, 0.7733063388824463, 0.7859923577308655, 0.7206395959854126, 0.8815619417190552, 0.692316454410553, 0.6908128423690796, 0.8235829582214356, 0.7603962935447693, 0.7565824745178222, 0.7508709049224853, 0.7372768794059753, 0.406287461566925, 0.4286398468017578, 0.4211045362472534, 0.40597080249786377, 0.41238696165084837, 0.4330323417663574, 0.4266104232788086, 0.4506908374786377, 0.44911312103271483, 0.453256645488739, 0.47315229482650756, 0.48148775577545166, 0.5092580228805542, 0.5062028737068176, 0.4890666759490967, 0.486852569103241, 0.4893456597328186, 0.49412841176986694, 0.5107942734718323, 0.5178579839706421, 0.5399349365234375, 0.5185008682250977, 0.5340707166671753, 0.5413542133331298, 0.5467667579650879, 0.5322949666976928, 0.5240945079803466]}