{"accuracy": [0.26849999999999996, 0.40278, 0.49166, 0.57124, 0.63382, 0.67596, 0.71202, 0.73878, 0.7631600000000001, 0.78264, 0.80016, 0.8163, 0.82412, 0.8329, 0.84404, 0.85652, 0.86082, 0.86956, 0.87296, 0.88246, 0.88492, 0.88712, 0.89532, 0.90168, 0.90694, 0.9102399999999999, 0.9129, 0.91444, 0.91598, 0.91688, 0.92466, 0.92696, 0.92926, 0.92838, 0.9339999999999999, 0.9374, 0.9331, 0.93504, 0.93794, 0.93774, 0.9427, 0.9422200000000001, 0.9425, 0.94394, 0.94452, 0.94642, 0.95056, 0.95118, 0.9555, 0.94902, 0.95348, 0.95222, 0.9565, 0.95604, 0.95514, 0.95802, 0.95406, 0.95934, 0.9576, 0.96212, 0.96102, 0.96204, 0.95742, 0.95896, 0.96312, 0.96016, 0.96068, 0.95974, 0.96024, 0.96194, 0.97696, 0.98388, 0.9856, 0.98842, 0.9899, 0.98986, 0.99068, 0.9913, 0.99192, 0.9921, 0.9935, 0.99294, 0.99396, 0.99384, 0.99388, 0.99458, 0.99444, 0.9946, 0.99502, 0.9955, 0.9956, 0.99588, 0.99546, 0.99516, 0.99624, 0.99612, 0.99576, 0.99634, 0.9963, 0.9967], "loss": [2.507753085632324, 2.2128819155883788, 1.9886120658111572, 1.787160680847168, 1.6064006409835816, 1.5013427715301513, 1.4044472529220582, 1.3270646291351318, 1.2614952752304076, 1.2016428898620606, 1.1518570624542237, 1.1078129029083252, 1.081491365814209, 1.059924076461792, 1.0250951124572754, 0.9849782389831543, 0.9730430484199524, 0.9520166902160645, 0.9391152997589112, 0.9130162489700318, 0.9062202704429626, 0.8955052918624878, 0.8748052389144897, 0.855965357055664, 0.8372223273849487, 0.8251541633987427, 0.8220288947868347, 0.8187129024124146, 0.8113257844543457, 0.8079413090705871, 0.7840942555236816, 0.7774907317352295, 0.7725083864212036, 0.7711374203491211, 0.757934916229248, 0.7438780139923096, 0.7564984996795654, 0.7471390948295593, 0.7424158992004395, 0.7390055694770813, 0.7287310068511963, 0.7245455701637268, 0.7216501989746094, 0.7252634243011474, 0.7165190602302551, 0.706007105884552, 0.6955215452575684, 0.6891288954162598, 0.6748614338684082, 0.6967570032119751, 0.6815341943740845, 0.6847837962341309, 0.667714250202179, 0.6696782893180847, 0.6704230939674377, 0.6610815332221985, 0.6718039470863342, 0.654664033241272, 0.6600721089172363, 0.6457844235992432, 0.6461404132461548, 0.6397701000595093, 0.6530416243553162, 0.6465151282119751, 0.6336128885650635, 0.6402432483482361, 0.6374086143493652, 0.6447549951744079, 0.6379351210975647, 0.6330898266792298, 0.5787800466346741, 0.5549374407196045, 0.5475586507987976, 0.538613938961029, 0.5327532785606385, 0.5327972327804565, 0.5281221347618104, 0.522764430141449, 0.5213412182044983, 0.5192655656242371, 0.5148076074028015, 0.5160086540985107, 0.512121400604248, 0.5112828677272797, 0.5070751798820495, 0.5055862004089355, 0.5055148310279847, 0.5036156552314758, 0.5007985635375977, 0.498741540145874, 0.49632178007125854, 0.4937376976585388, 0.49450464693069457, 0.4945597142601013, 0.4907404139137268, 0.4892634227657318, 0.4903951178073883, 0.48741545683860776, 0.4853361496925354, 0.4852954733848572], "val_accuracy": [0.45699999999999996, 0.5033000000000001, 0.6193, 0.6416, 0.7101, 0.7262, 0.7677, 0.7911, 0.802, 0.8025, 0.817, 0.8198, 0.8257, 0.8266, 0.8273, 0.8458, 0.8387, 0.8513999999999999, 0.8496, 0.8573, 0.8468, 0.8466, 0.8582, 0.8623000000000001, 0.8513999999999999, 0.8575, 0.8509, 0.8684000000000001, 0.8573999999999999, 0.8625, 0.8693, 0.8573999999999999, 0.854, 0.859, 0.8707, 0.8694999999999999, 0.8651, 0.8713, 0.8619, 0.8663, 0.8672, 0.8733, 0.8562, 0.8755, 0.875, 0.876, 0.8735999999999999, 0.8713, 0.8764, 0.8745, 0.865, 0.8693, 0.8784, 0.8776, 0.8657, 0.8603000000000001, 0.8633, 0.8764, 0.8683, 0.874, 0.8659, 0.862, 0.8774, 0.8751, 0.8749, 0.8525, 0.8734, 0.8708, 0.8622, 0.8764, 0.8946000000000001, 0.896, 0.8991, 0.8976, 0.8976999999999999, 0.899, 0.9015, 0.9, 0.8994, 0.9007000000000001, 0.9005, 0.9006, 0.9004, 0.8992, 0.9005, 0.902, 0.9027000000000001, 0.9019, 0.9024, 0.9022, 0.9007000000000001, 0.9025, 0.9038, 0.9021, 0.9027000000000001, 0.9031, 0.9027000000000001, 0.9017, 0.9038, 0.9011], "val_loss": [2.4497377391815185, 2.1175373710632326, 1.5179483278274537, 1.343103638267517, 1.1360212711334228, 1.1350534727096557, 0.9411646821975708, 0.8281748909950256, 0.8404970962524414, 0.8036911744117737, 0.8235241225242614, 0.7644928463935852, 0.775916607093811, 0.7648775386810303, 0.7607710427284241, 0.7517156017303467, 0.8106154960632325, 0.7024921032905579, 0.7649813390731811, 0.7542069412231446, 0.8460356140136719, 0.9214893291473388, 0.8340153200149536, 0.7304699354171753, 0.8837675424575806, 0.8439708305358886, 0.9988227249145508, 0.7614024534225464, 0.8545340501785278, 0.8152969928741455, 0.7655878929138183, 1.006711784172058, 0.985571501159668, 0.8744746868133545, 0.8471820032119751, 0.8699749639511108, 0.9649557205200195, 0.9501602775573731, 0.9181835697174072, 0.9324542764663696, 0.9962024984359741, 0.8723495725631714, 1.14451923828125, 0.8281826920509339, 0.8451500957489013, 0.9467044847488403, 0.9440106181144714, 0.9633109277725219, 1.0017659064292908, 0.8603614887237548, 1.1360409297943115, 1.0166835027694703, 0.9505768793106079, 0.8867769744873046, 1.0813582389831542, 1.1234861072540283, 1.0277015306472779, 0.9942421672821045, 1.0005032260894775, 1.0515857486724853, 1.073556656074524, 1.2018998662948608, 0.9442912452697754, 0.9748357709884643, 1.0678614027023317, 1.2009884384155274, 0.9531245510101318, 0.9934631618499756, 1.0616468297958375, 1.0566976907730103, 0.8860184724807739, 0.921877583694458, 0.8938596343994141, 0.929614738368988, 0.9587008423805237, 0.9463825591087341, 0.9314110298156738, 0.9817924057006836, 0.9735137516021729, 0.9813556859970093, 0.9802123042106629, 0.9805615671157837, 1.0083710889816284, 1.0084933874130249, 0.9954963966369629, 0.9986415042877197, 1.0135413684844972, 1.0175080152511597, 1.0115713359832763, 1.0194253898620604, 1.0621452707290648, 1.0644033401489257, 1.0419559726715089, 1.0551670587539672, 1.081970205116272, 1.0612578596115112, 1.0724035478591918, 1.0811420085906982, 1.0526283939361571, 1.097926473236084]}