{"accuracy": [0.30966000000000005, 0.45196000000000003, 0.55286, 0.623, 0.67038, 0.70884, 0.7348600000000001, 0.75424, 0.77324, 0.78188, 0.79384, 0.79808, 0.81406, 0.81942, 0.82074, 0.83358, 0.8368, 0.84122, 0.84284, 0.84796, 0.82096, 0.8449599999999999, 0.85466, 0.862, 0.85822, 0.8686, 0.8589, 0.8566199999999999, 0.85842, 0.8685, 0.8772, 0.86808, 0.87094, 0.85968, 0.87268, 0.8704000000000001, 0.8852, 0.8799399999999999, 0.88224, 0.8892599999999999, 0.92168, 0.93634, 0.94138, 0.94602, 0.94876, 0.9525399999999999, 0.95532, 0.95862, 0.95894, 0.96072, 0.96368, 0.9647, 0.96628, 0.9679, 0.96906, 0.97032, 0.9702, 0.96928, 0.9735, 0.97084], "loss": [1.959080790748596, 1.5518494721984863, 1.2978784674072266, 1.1138847661209106, 0.9920021149826049, 0.8851416674995423, 0.818319750995636, 0.771688812084198, 0.7137227669143676, 0.6902663103675842, 0.6534661650466919, 0.6361767707443238, 0.5883225544166565, 0.570349083518982, 0.5745957535743713, 0.5352784138298035, 0.5195953138160706, 0.5080314990234375, 0.5030291540145874, 0.49299037256240846, 0.5763593977355957, 0.5079324422264099, 0.4698097484970093, 0.4483482654762268, 0.45836950485229494, 0.4286997744655609, 0.45200689197540284, 0.46519889347076415, 0.45620197011947633, 0.42754804218292236, 0.3931944334793091, 0.4289884160041809, 0.4185878762340546, 0.44893578225135805, 0.4083480926513672, 0.41361809881210326, 0.373063702917099, 0.3901945604515076, 0.37926306489944456, 0.3582528334236145, 0.24542237977027892, 0.20416813110351562, 0.18485644941329957, 0.17363784141778946, 0.15975906727313996, 0.1519849226117134, 0.1425868661880493, 0.13279470138072968, 0.12998880691051484, 0.12666104010105134, 0.1149386882019043, 0.11188153415203095, 0.1081257263636589, 0.10490717412948608, 0.09981998934268951, 0.09464792153835297, 0.09533979462385178, 0.09882572775363922, 0.08610049852848053, 0.09024753719091415], "val_accuracy": [0.33320000000000005, 0.4887, 0.5385, 0.5781000000000001, 0.6281, 0.581, 0.6744, 0.7136, 0.6970000000000001, 0.7325999999999999, 0.7553, 0.6785, 0.6985, 0.7556, 0.7721, 0.7463, 0.7252000000000001, 0.7496, 0.7798, 0.7693, 0.7582, 0.7692, 0.7075, 0.6653, 0.7331, 0.7939, 0.5855, 0.752, 0.7278, 0.7981, 0.7309, 0.7336, 0.7375, 0.726, 0.6718999999999999, 0.7476, 0.8144, 0.7021, 0.718, 0.7289, 0.8092, 0.8098, 0.8190999999999999, 0.8116, 0.8271999999999999, 0.8186, 0.8287, 0.8349, 0.8392, 0.8335, 0.8311, 0.8297, 0.8296, 0.8482000000000001, 0.8445, 0.8369, 0.8236, 0.8186, 0.7991, 0.7946], "val_loss": [1.8639209072113037, 1.4590284780502318, 1.4529206665039063, 1.3347293002128602, 1.1213262756347657, 1.3272996074676513, 1.0774670090675353, 0.9691586643218995, 1.0162953845500946, 0.9098059038162232, 0.8443756477355957, 1.1364774223327636, 1.0533471290588379, 0.8807787109375, 0.7723289646148682, 0.9584973665237426, 0.9375403734207153, 0.8327389761924744, 0.7847832641601562, 0.7827829775810242, 0.8660166015625, 0.7798385585784912, 1.050607111930847, 1.1696116075515748, 0.9186600783348083, 0.6968871873855591, 1.4256370399475098, 0.844596455860138, 0.845436774635315, 0.6959507183074951, 0.8952083401679992, 0.8742303464889526, 0.9211051031112671, 0.9089459413528442, 1.1836357524871826, 0.8712516244888305, 0.6845799962997436, 1.0043978090286254, 0.9161030620574951, 0.9169498621940613, 0.6501428805351257, 0.6412232643127441, 0.6117623033523559, 0.6301483654499054, 0.5973478900909424, 0.6208857655525207, 0.575605276632309, 0.5776565315485, 0.5516017988204956, 0.553652995300293, 0.5684206898927688, 0.5540333102703094, 0.595547250175476, 0.5073883727073669, 0.516878924369812, 0.5374101150512696, 0.6015606657981872, 0.6366653866767883, 0.7192504133224488, 0.737158440208435]}