{"accuracy": [0.18576000000000004, 0.25114000000000003, 0.3046, 0.35631999999999997, 0.41390000000000005, 0.44628, 0.49314, 0.52248, 0.53542, 0.5728, 0.59022, 0.5965199999999999, 0.6007, 0.64368, 0.64756, 0.65602, 0.64398, 0.6561600000000001, 0.65642, 0.6852400000000001, 0.6967, 0.6712199999999999, 0.70128, 0.73632, 0.7209, 0.71156, 0.73622, 0.73734, 0.7543, 0.73268, 0.7116199999999999, 0.73768, 0.7466200000000001, 0.7361800000000001, 0.75648, 0.76178, 0.7645, 0.77146, 0.77716, 0.7705, 0.77338, 0.7116199999999999, 0.76984, 0.7833600000000001, 0.78398, 0.7662, 0.78206, 0.7785, 0.7708200000000001, 0.79608, 0.79166, 0.7868999999999999, 0.7941400000000001, 0.78948, 0.79182, 0.79088, 0.78856, 0.78428, 0.8083400000000001, 0.8017, 0.79512, 0.79172, 0.78706, 0.7723, 0.80402, 0.81116, 0.78816, 0.78942, 0.80564, 0.80086, 0.7922, 0.80172, 0.8143199999999999, 0.81684, 0.7999, 0.80284, 0.81146, 0.8118, 0.80672, 0.80532, 0.84488, 0.87022, 0.87948, 0.88828, 0.89366, 0.89718, 0.90076, 0.90372, 0.9069, 0.9094, 0.91116, 0.91658, 0.91642, 0.91866, 0.92122, 0.92402, 0.92454, 0.92806, 0.92852, 0.9321, 0.93382, 0.9332199999999999, 0.93408, 0.9332, 0.93624], "loss": [2.2341255208587647, 2.060683699493408, 1.89722386013031, 1.7720282860565186, 1.6348458480453492, 1.5503083420562744, 1.436814276161194, 1.362033727645874, 1.3300919802093505, 1.227986965713501, 1.1773957252120972, 1.1719980848312377, 1.172395224609375, 1.0537616236686707, 1.058623674468994, 1.0351381644439697, 1.0867394047164918, 1.057120523376465, 1.059522786026001, 0.9752861678504944, 0.9572789624977112, 1.0413849461364746, 0.9428214352798462, 0.8383644820785523, 0.8929506733322143, 0.9205492072677612, 0.8539437682914733, 0.8473405757522583, 0.790695076675415, 0.8565941034889221, 0.9332433885192871, 0.8521784281730652, 0.8240268040657044, 0.8517417467498779, 0.7858782634544372, 0.7766063074493408, 0.7669457432174682, 0.7487821455574035, 0.7249357544136047, 0.7559133770942688, 0.7447356921768189, 0.9429242031669617, 0.7469869514274597, 0.7114311680984498, 0.7077631980514526, 0.7694288084030151, 0.7195237510490418, 0.7258961158943176, 0.7461332843780517, 0.670278210220337, 0.6860395317268372, 0.7031155349731445, 0.6859824562072754, 0.6896214011955262, 0.6874011937904357, 0.7006428508377075, 0.7017754833984375, 0.7217300039863587, 0.6408778092384338, 0.6583219441604614, 0.6889695672798156, 0.6851160961723327, 0.7035365996360778, 0.7459105634880066, 0.6489547706985473, 0.6363890248298645, 0.6989535950851441, 0.6971709531974792, 0.6485216000747681, 0.6551341732025147, 0.6875312715530395, 0.6563067279624939, 0.618773429222107, 0.6104835519981384, 0.6711302071189881, 0.653362152519226, 0.628610726070404, 0.62799152841568, 0.6455935606384278, 0.6453937579154968, 0.5152973778533936, 0.4291673552513123, 0.39932733680725097, 0.3722994927597046, 0.351204361076355, 0.33809579080581664, 0.3289062315940857, 0.3232395259666443, 0.3102690845155716, 0.3028789763832092, 0.29547210760116577, 0.28146480363845827, 0.2830783940410614, 0.2729646234798431, 0.26504608008384706, 0.25530040789604186, 0.25478133828163146, 0.24201866287708282, 0.2388982585287094, 0.2277194181251526, 0.22597956972122193, 0.22910369480609893, 0.22763892642498015, 0.22421789090633393, 0.21775807205200196], "val_accuracy": [0.34740000000000004, 0.3641, 0.29290000000000005, 0.35719999999999996, 0.39970000000000006, 0.35550000000000004, 0.43820000000000003, 0.4767, 0.5242, 0.4104, 0.5136000000000001, 0.37129999999999996, 0.4044, 0.3883, 0.6622, 0.6616, 0.6432, 0.34419999999999995, 0.6337999999999999, 0.32820000000000005, 0.6595, 0.596, 0.6476, 0.6597999999999999, 0.6177, 0.6951, 0.6906, 0.7053, 0.7257, 0.7252000000000001, 0.49560000000000004, 0.6839, 0.6991, 0.7215, 0.7505999999999999, 0.7153, 0.612, 0.7026, 0.7213, 0.48740000000000006, 0.7448, 0.6542, 0.7648, 0.7681, 0.43520000000000003, 0.7363999999999999, 0.6517999999999999, 0.7115, 0.7341, 0.7409, 0.7617, 0.7353000000000001, 0.6529, 0.7262, 0.7839, 0.7181, 0.7445999999999999, 0.731, 0.7013, 0.7514000000000001, 0.729, 0.7048, 0.7544, 0.7551, 0.7179, 0.7101999999999999, 0.7479, 0.6748000000000001, 0.6601, 0.7074, 0.7815, 0.7536, 0.6924, 0.6956, 0.766, 0.7408, 0.7229, 0.7736000000000001, 0.7206, 0.7544, 0.8247, 0.837, 0.8475, 0.8313, 0.8491, 0.8579, 0.8592, 0.8591, 0.8365, 0.8579, 0.872, 0.8674999999999999, 0.8616, 0.8497, 0.8623000000000001, 0.8722, 0.8602, 0.8672, 0.8765000000000001, 0.8597, 0.8693, 0.8619, 0.8756, 0.8656, 0.8685], "val_loss": [1.9166312059402466, 1.9095121822357177, 2.0852040885925294, 2.095614164352417, 1.8621164991378785, 1.9204843938827514, 1.9219799865722655, 1.9272516231536865, 1.902745728302002, 1.9913688171386719, 1.7974607349395753, 2.047436000442505, 2.001935540008545, 1.9949110591888428, 1.6295445812225342, 1.6055611152648925, 1.6887081953048706, 2.145373934173584, 1.6273007966995239, 2.0829806114196776, 1.630369267463684, 1.6912750892639161, 1.5701908542633056, 1.8018767398834228, 1.7665369255065917, 1.686685563659668, 1.6283866209030151, 1.6484812776565552, 1.3766888626098632, 1.3926529197692872, 1.962296601486206, 1.7196328411102295, 1.691707413482666, 1.3928318069458008, 1.3608510730743408, 1.3913684513092042, 1.700965983772278, 1.735691174507141, 1.133237237739563, 1.8812731149673463, 1.170234016418457, 1.6880158836364747, 1.5410419988632202, 1.6185633533477783, 1.786143814277649, 1.2235695249557494, 1.6320867544174193, 1.5385815776824951, 1.3290569595336914, 1.5046921625137328, 1.6276551446914673, 1.4161868307113648, 1.7161590017318726, 1.2461200090408324, 1.2715977684020996, 1.4938695138931275, 1.671170184135437, 1.5089869760513306, 1.4711589262008666, 1.6704268371582032, 1.4584419286727905, 1.3651550912857056, 1.2840870054244995, 1.5002198768615722, 1.295907795715332, 1.2765181306838989, 1.5427659387588502, 1.4842528871536256, 1.208201867866516, 1.5715286296844482, 1.0815138204574586, 1.065540463256836, 1.2846176740646362, 1.566038161468506, 1.2807985076904296, 1.2238761428833007, 1.345159453201294, 1.236200094985962, 1.242163848876953, 1.1018470119476318, 0.9906689401626587, 1.1145542467117309, 0.8230830555915832, 1.1726314199447632, 0.792986082649231, 1.0237981044769286, 1.1370657905578614, 0.766020654964447, 1.1938827243804933, 0.883978649520874, 0.7435719566345215, 1.0775812061309815, 1.1560671468734742, 1.0224345626831055, 0.9892977420806884, 0.702022713470459, 1.1454289342880248, 1.1491067733764648, 0.6599205160140991, 1.312277046585083, 0.9310347049713135, 1.1979618520736695, 0.705121713733673, 1.0990045461654663, 1.0451469818115235]}