{"accuracy": [0.11636000000000002, 0.15478000000000003, 0.22616000000000003, 0.29438, 0.35082, 0.38846, 0.40268000000000004, 0.50734, 0.55018, 0.6085, 0.66266, 0.69894, 0.7311799999999999, 0.75736, 0.7732600000000001, 0.78958, 0.80388, 0.81562, 0.82944, 0.837, 0.84688, 0.8526, 0.8617, 0.86882, 0.8699399999999999, 0.87808, 0.88296, 0.88756, 0.89354, 0.89612, 0.89946, 0.9014, 0.90572, 0.90666, 0.9114, 0.91554, 0.91388, 0.91842, 0.91908, 0.92302, 0.92128, 0.92454, 0.92456, 0.92716, 0.93048, 0.93044, 0.9311, 0.93274, 0.93094, 0.93384, 0.93104, 0.93568, 0.9339999999999999, 0.93638, 0.93598, 0.96486, 0.97674, 0.9801, 0.98354, 0.9851, 0.9875, 0.9886, 0.9897, 0.98972, 0.99094, 0.99156, 0.9925, 0.9931, 0.99374, 0.99394, 0.9938, 0.99432, 0.99466, 0.9951, 0.99514, 0.9952, 0.99598, 0.99614, 0.99666, 0.99642, 0.99648, 0.99722, 0.99684, 0.99756, 0.99708, 0.9974, 0.9972799999999999, 0.99746, 0.99814, 0.99748, 0.99784, 0.99764], "loss": [2.323941713256836, 3.2331060610198974, 2.1615949304962156, 2.0016892742156984, 1.815570479888916, 1.7540659673309327, 1.7570621185684203, 1.4295793754196167, 1.3365140532684325, 1.1523711177062987, 1.0122061113357543, 0.9224286026000976, 0.8063147524833679, 0.7345865608024598, 0.6793635688781738, 0.6348021803474426, 0.5941622169685363, 0.557830147151947, 0.522864039106369, 0.49864277170181276, 0.46708401348114015, 0.44794104752540587, 0.42560575258255007, 0.40386427466392516, 0.39896867992401125, 0.3726372612094879, 0.35980430667877195, 0.3467046164321899, 0.32912509059906003, 0.32241120656967165, 0.3096707453536987, 0.30345144285202025, 0.29175581451416016, 0.28715476181030275, 0.27596391759872435, 0.2625535293769836, 0.2677751679229736, 0.2573096432971954, 0.24999433771133422, 0.2413346128797531, 0.24629092449188233, 0.2352583352279663, 0.2314875993347168, 0.2265072126865387, 0.2180669181060791, 0.21875720782279967, 0.21593934161663056, 0.21361988013267516, 0.21608680126190186, 0.2066720836353302, 0.21467318261146545, 0.20329572159290313, 0.20433416895866394, 0.2011608122062683, 0.19914186379432677, 0.11442293545722962, 0.07741184546470642, 0.0649292688179016, 0.054622446664571764, 0.04894753911912441, 0.043020354322791096, 0.03895491372942925, 0.03459141237974167, 0.036318083429336546, 0.03141026387691498, 0.029546345405578614, 0.02638125950574875, 0.024279190980792044, 0.02312261061668396, 0.021102152812480925, 0.02124331322789192, 0.020573832067251205, 0.019594783179461957, 0.017952157652378082, 0.0178578787702322, 0.016884194938614965, 0.01564890869319439, 0.013488996679186821, 0.012660443224310874, 0.012962518474310637, 0.013586484337449073, 0.010712096021771431, 0.01204547601222992, 0.009702786217778921, 0.010888818406462669, 0.010346809428334236, 0.010319199877232314, 0.010093093901872635, 0.008314752623438835, 0.009397092878818512, 0.00849360521286726, 0.008923172837421297], "val_accuracy": [0.12170000000000003, 0.16310000000000002, 0.14590000000000003, 0.09989999999999999, 0.17459999999999998, 0.19479999999999997, 0.37070000000000003, 0.41500000000000004, 0.46299999999999997, 0.5176000000000001, 0.563, 0.6492, 0.6649, 0.7242, 0.6826, 0.7397, 0.722, 0.7859, 0.8069, 0.7803, 0.8026, 0.7906, 0.7994, 0.8230999999999999, 0.815, 0.8165, 0.8199, 0.8255, 0.8172, 0.8222, 0.8352999999999999, 0.8034, 0.8337, 0.8150999999999999, 0.8199, 0.763, 0.8358, 0.8315, 0.8208, 0.8683, 0.8323, 0.8280000000000001, 0.8419, 0.8434, 0.8551, 0.834, 0.8391, 0.8012, 0.8446, 0.8342, 0.845, 0.8266, 0.8036, 0.8254, 0.8541, 0.8871, 0.8939, 0.8964, 0.8963, 0.9015, 0.8987, 0.9024, 0.9009, 0.9018, 0.8996, 0.901, 0.9005, 0.899, 0.9012, 0.9002, 0.9003, 0.9022, 0.9028, 0.9049, 0.9028, 0.905, 0.9032, 0.9037, 0.9023, 0.9024, 0.9026, 0.9037, 0.9028, 0.9015, 0.9034, 0.9033, 0.9026, 0.9049, 0.9044, 0.9057, 0.9029, 0.9018], "val_loss": [2.2927449871063232, 2.27260478477478, 9.0024286901474, 2.2929354400634767, 2.111002967453003, 2.4113098049163817, 1.971379156112671, 1.9848955242156983, 1.6956620845794679, 2.6528745643615723, 2.2763750284194946, 1.4765767082214356, 1.3560714323043823, 1.3431954919815063, 1.321736629486084, 1.3101545421600342, 1.2316693906784058, 1.1860741086959838, 1.1950335578918456, 1.1473452234268189, 1.1299347263336181, 1.0868196088790893, 1.0915550675392152, 1.0466491680145265, 1.0404803256988526, 1.0813950431823731, 1.055082098197937, 1.082006649684906, 1.126649530029297, 1.1138910481452942, 1.017725249671936, 1.0458281278610229, 1.007570048904419, 1.0323680239677429, 1.0567000455856324, 1.0762038053512573, 1.0077118141174317, 0.9877703977584839, 1.0102183128356934, 0.9455116064071655, 0.9555213973045349, 0.9898040438652038, 0.9484891105651856, 0.971191234588623, 0.9547140432357788, 1.018986704826355, 0.9820451184272766, 1.090561012840271, 0.9764551438331605, 0.9681322897911072, 1.009915938091278, 0.9625084062576293, 1.0656044047355653, 1.0118756950378418, 1.045684256362915, 0.8641164736747742, 0.854933358001709, 0.8177309978485108, 0.8182417357444763, 0.8118256190299987, 0.7823802921295167, 0.8018180630683899, 0.7541838372230529, 0.7793768356323242, 0.7646864552497864, 0.7583347012519837, 0.7309015319824219, 0.750508572101593, 0.7410975892066956, 0.7413235445976257, 0.7503205739974975, 0.7466562800407409, 0.7294914714813232, 0.7330068147659302, 0.7320267943382264, 0.7259256708145142, 0.7349040159225464, 0.7206826460838318, 0.7345084065437317, 0.7403868646621704, 0.7228076241493225, 0.7281070172309876, 0.7050688112258912, 0.7160608249664306, 0.7083494926452637, 0.7150581797599792, 0.7136414426803589, 0.6923077172279358, 0.7067596319198608, 0.6841325834274292, 0.7175320616722107, 0.7172593744277954]}