{"accuracy": [0.13344, 0.18808000000000002, 0.20531999999999995, 0.23360000000000003, 0.2581, 0.24870000000000003, 0.29428, 0.32787999999999995, 0.35648, 0.37032, 0.41508, 0.42445999999999995, 0.45016, 0.43926, 0.47687999999999997, 0.48663999999999996, 0.48206000000000004, 0.21894000000000002, 0.24583999999999995, 0.27498, 0.31094, 0.36154, 0.37442, 0.42416, 0.45004, 0.43899999999999995, 0.46486000000000005, 0.48004, 0.49368, 0.51538, 0.62172, 0.6467, 0.6652199999999999, 0.6808000000000001, 0.70244, 0.71106, 0.72374, 0.69626, 0.73222, 0.74498, 0.7457199999999999, 0.76342, 0.7754, 0.78546, 0.7873, 0.79318, 0.7933399999999999, 0.80682, 0.8152, 0.8057, 0.8134, 0.82172, 0.8256, 0.8243, 0.83372, 0.84214, 0.84854, 0.85092, 0.85326, 0.8532, 0.85434, 0.86276, 0.85856, 0.8655200000000001, 0.8647400000000001, 0.87644, 0.86512, 0.87424, 0.8792, 0.87818, 0.8835, 0.88342, 0.88728, 0.8893, 0.88746, 0.89298, 0.89662, 0.89464, 0.8964799999999999, 0.90152, 0.9003, 0.90404, 0.89312, 0.89812, 0.90144, 0.90938, 0.91018, 0.901, 0.9064, 0.91342, 0.91194, 0.91454, 0.90962, 0.9073599999999999, 0.91278, 0.91492, 0.91826, 0.9194, 0.9252, 0.92042, 0.91634, 0.92334, 0.91172, 0.92102, 0.92426, 0.92274, 0.9228, 0.9263, 0.9269000000000001, 0.92528, 0.92498, 0.92658, 0.92706, 0.92924, 0.93188, 0.93442, 0.9319999999999999, 0.93268, 0.93572, 0.92918, 0.93344, 0.93564, 0.93724, 0.93796, 0.93608, 0.9101, 0.92612, 0.9326, 0.93732, 0.9333, 0.93792, 0.93732, 0.93844, 0.94114, 0.93914, 0.93366, 0.94256, 0.94062, 0.9366, 0.93866, 0.93678, 0.92966, 0.94338, 0.94368, 0.94062, 0.94676, 0.93756, 0.94596, 0.93894, 0.94442, 0.94158, 0.94324, 0.94498, 0.94946, 0.94566, 0.94834, 0.9675, 0.97766, 0.9813, 0.98232, 0.98506, 0.98724, 0.9875, 0.9893, 0.9898, 0.989, 0.9906, 0.99058, 0.99174, 0.99168, 0.99244, 0.99264, 0.99248, 0.9935, 0.99362, 0.99394, 0.9939, 0.99474, 0.99476, 0.9950600000000001], "loss": [2.7441067198181153, 2.167676761779785, 2.1158760556793212, 2.0308076789855956, 1.9643847520446778, 2.013708670349121, 1.885709326133728, 1.8327377730560304, 1.7774454642105102, 1.7610646349334718, 1.6854531056976318, 1.6699096869277954, 1.6082092111587525, 1.653610608177185, 1.5559285299682617, 1.548850976524353, 1.5728973114776612, 2.156959205856323, 1.9851430823516845, 1.9249399002075196, 1.8726021726226807, 1.7760239672851563, 1.7566483541488647, 1.641986953163147, 1.5997360006713868, 1.6339634566879273, 1.5688692823028565, 1.5307012161636353, 1.500698475379944, 1.439156185951233, 1.1062090647506715, 1.0424562826919557, 0.9846187867736816, 0.9502593861579895, 0.9007316491889954, 0.8732550234794617, 0.8462932485961914, 0.929421614665985, 0.817081781578064, 0.7845511796569824, 0.7846962846374512, 0.7363845561408997, 0.7043068058013916, 0.6752815270996094, 0.6617266050338745, 0.6480661947250366, 0.6512200352096558, 0.61397813829422, 0.5839894675254822, 0.6191731275939941, 0.5881870400428773, 0.5664164455604553, 0.5547262104797364, 0.5556810321903228, 0.5298504562568664, 0.5031489677047729, 0.48233542148590086, 0.4765425650501251, 0.4710863216400146, 0.4688046270084381, 0.46728771404266356, 0.43591305348396303, 0.45762732610702517, 0.4306565423774719, 0.4282294755077362, 0.3983653378677368, 0.4325590277481079, 0.4025086878299713, 0.3842937746810913, 0.39025061747550965, 0.3731192583560944, 0.3683966617012024, 0.36080486050605776, 0.3592234799957275, 0.3638143987083435, 0.3433237211275101, 0.3344922601032257, 0.33434792570114136, 0.3321403958320618, 0.3158089235019684, 0.32173179339408875, 0.309811033039093, 0.3426021312427521, 0.32583989463329316, 0.3181507003593445, 0.2866045571422577, 0.2882534083366394, 0.32018926069259646, 0.3019047967147827, 0.27421420748233793, 0.2850972065925598, 0.2790978329849243, 0.2924079707431793, 0.296231601266861, 0.280530980052948, 0.27481460385799406, 0.26630017251968385, 0.26215577411651614, 0.24451670984745025, 0.25911048374176027, 0.26776864404678347, 0.24704769968032836, 0.2877819273853302, 0.2579028260231018, 0.24538614315032958, 0.25246551126480105, 0.24898888095855712, 0.23604236839294435, 0.23982439752578735, 0.24270490161895752, 0.2410535444355011, 0.24003239400863646, 0.2375557511997223, 0.22867387119293212, 0.21577033535957335, 0.21025837544441223, 0.22283541003227234, 0.2175628891468048, 0.21205055802822112, 0.23361017521381378, 0.22014679679393767, 0.20821431549072267, 0.20805469535350798, 0.20684844491004944, 0.21166296246528626, 0.2934247116661072, 0.2379795278263092, 0.21715280303001402, 0.20571238677978515, 0.20928496269226074, 0.202533502907753, 0.20005742835998536, 0.20050338455200195, 0.19686953628540038, 0.19984256861686706, 0.21681597337245942, 0.187740301322937, 0.19513599534034728, 0.20902464105606078, 0.20216101593971253, 0.20593776552200319, 0.22851870912075042, 0.18557722584486008, 0.18680038888931275, 0.19477724210500716, 0.1740467379951477, 0.20392011659622192, 0.18059592320084572, 0.20145442728042603, 0.18286777819156647, 0.19100235493659973, 0.18696827793121337, 0.1803589461708069, 0.16660236716747284, 0.17808205138206482, 0.16761596458911895, 0.10755175178349018, 0.07450678397655487, 0.0636546466344595, 0.058184361764788625, 0.050966368814110756, 0.04486865374684334, 0.043308490531444546, 0.03705529526591301, 0.036148680476546284, 0.03552682536244393, 0.033067641439139844, 0.03190023576915264, 0.02712822088614106, 0.02832455368220806, 0.02746402009040117, 0.02607680817693472, 0.02579040352642536, 0.0227218061542511, 0.023181036792993544, 0.021972170332968236, 0.02231369762212038, 0.020013223916888236, 0.0187687178003788, 0.018445560854375362], "val_accuracy": [0.19630000000000003, 0.13880000000000003, 0.2096, 0.2227, 0.14600000000000002, 0.1301, 0.238, 0.2299, 0.23140000000000005, 0.3026, 0.2632, 0.37849999999999995, 0.31810000000000005, 0.4023, 0.4123, 0.27180000000000004, 0.15159999999999996, 0.19220000000000004, 0.1683, 0.2227, 0.21130000000000004, 0.22330000000000005, 0.34850000000000003, 0.35329999999999995, 0.3023, 0.2963, 0.3267, 0.33909999999999996, 0.2895, 0.4324, 0.5913999999999999, 0.6111, 0.5486, 0.5751, 0.5903, 0.6033, 0.6502, 0.648, 0.5932999999999999, 0.5339, 0.6373, 0.6653, 0.5626, 0.6383, 0.6032, 0.6772, 0.6274, 0.6488, 0.6759, 0.7174, 0.7068, 0.6773, 0.6284000000000001, 0.726, 0.7415, 0.7646999999999999, 0.7421, 0.6995, 0.6596, 0.7158, 0.6424000000000001, 0.7826, 0.77, 0.782, 0.8110999999999999, 0.7857000000000001, 0.7502, 0.7727999999999999, 0.7462, 0.7514000000000001, 0.7792, 0.749, 0.796, 0.7528, 0.7583, 0.7951, 0.7816, 0.7756000000000001, 0.8077, 0.7904, 0.7739, 0.7731, 0.7246, 0.7545, 0.8236, 0.7538, 0.7319, 0.7499, 0.8265, 0.7994, 0.7498, 0.8154, 0.8383, 0.8193, 0.7941, 0.7954, 0.8349, 0.8008, 0.7858, 0.8152, 0.7648, 0.7611, 0.8369, 0.8013, 0.8154, 0.836, 0.7612, 0.8472, 0.8317, 0.7618, 0.8064, 0.8412999999999999, 0.8193, 0.8368, 0.7618, 0.83, 0.7848999999999999, 0.7572, 0.8345, 0.8362, 0.8513999999999999, 0.7452, 0.8295, 0.8071, 0.7945, 0.8283, 0.7967, 0.8190999999999999, 0.8486, 0.8274, 0.8442000000000001, 0.7983, 0.8333, 0.8281000000000001, 0.829, 0.8566, 0.8157, 0.8094, 0.8235, 0.8455, 0.7951, 0.8369, 0.8383, 0.8157, 0.8459, 0.8214, 0.8571, 0.838, 0.8467, 0.832, 0.7757000000000001, 0.8424, 0.8411, 0.8304, 0.8178, 0.8651, 0.8664000000000001, 0.8706, 0.8701, 0.8704000000000001, 0.8699, 0.8716, 0.8714999999999999, 0.8705, 0.8728, 0.8705, 0.8687, 0.874, 0.8751, 0.8707, 0.8757, 0.8753, 0.8692, 0.8792, 0.8747, 0.8719, 0.8679, 0.8751, 0.8729, 0.8723],